"MSPEC","Area.hd","Area_mm2.hd","Major_mm.hd","Minor_mm.hd","Lum_Mean.hd","Lum_StdDev.hd","Lum_Mode.hd","X_Mean.hd","X_StdDev.hd","X_Mode.hd","Y_Mean.hd","Y_StdDev.hd","Y_Mode.hd","Z_Mean.hd","Z_StdDev.hd","Z_Mode.hd","Sat_Mean.hd","Sat_StdDev.hd","Sat_Mode.hd","Area.fd","Area_mm2.fd","Major_mm.fd","Minor_mm.fd","Lum_Mean.fd","Lum_StdDev.fd","Lum_Mode.fd","X_Mean.fd","X_StdDev.fd","X_Mode.fd","Y_Mean.fd","Y_StdDev.fd","Y_Mode.fd","Z_Mean.fd","Z_StdDev.fd","Z_Mode.fd","Sat_Mean.fd","Sat_StdDev.fd","Sat_Mode.fd","Area.b","Area_mm2.b","Major_mm.b","Minor_mm.b","Lum_Mean.b","Lum_StdDev.b","Lum_Mode.b","X_Mean.b","X_StdDev.b","X_Mode.b","Y_Mean.b","Y_StdDev.b","Y_Mode.b","Z_Mean.b","Z_StdDev.b","Z_Mode.b","Sat_Mean.b","Sat_StdDev.b","Sat_Mode.b","Area.hv","Area_mm2.hv","Major_mm.hv","Minor_mm.hv","Lum_Mean.hv","Lum_StdDev.hv","Lum_Mode.hv","X_Mean.hv","X_StdDev.hv","X_Mode.hv","Y_Mean.hv","Y_StdDev.hv","Y_Mode.hv","Z_Mean.hv","Z_StdDev.hv","Z_Mode.hv","Sat_Mean.hv","Sat_StdDev.hv","Sat_Mode.hv","Area.fv","Area_mm2.fv","Major_mm.fv","Minor_mm.fv","Lum_Mean.fv","Lum_StdDev.fv","Lum_Mode.fv","X_Mean.fv","X_StdDev.fv","X_Mode.fv","Y_Mean.fv","Y_StdDev.fv","Y_Mode.fv","Z_Mean.fv","Z_StdDev.fv","Z_Mode.fv","Sat_Mean.fv","Sat_StdDev.fv","Sat_Mode.fv"
"127",48633,1568.8065,9.342,6.8973,0.0882,0.0343,0.0763,0.1504,1.4203,0.4956,-1.2082,2.2791,-1.4966,1.034,2.0153,1.1829,3.2798,1.7513,2.7033,53160,1714.8387,10.8302,6.5033,0.0862,0.0186,0.079,0.4877,1.2517,0.8802,-2.212,2.5473,-3.006,0.9298,2.0492,0.5602,3.8403,1.8714,2.6605,15408,497.0323,8.9223,2.288,0.2339,0.154,0.0719,-0.5076,2.0875,-0.8967,-1.0524,3.1279,-0.6446,-3.3538,3.8289,-4.7538,5.741,2.9078,5.9303,48248,1556.3871,9.2363,6.921,0.1997,0.039,0.2016,0.6464,1.0242,0.6383,-3.676,1.5716,-3.5868,-4.6027,1.4262,-4.899,6.1115,1.8214,6.3327,51007,1645.3871,10.5279,6.4191,0.208,0.0381,0.2049,0.5991,0.9232,0.4586,-3.1976,1.6577,-2.6058,-4.4446,1.7069,-4.1583,5.6623,2.1886,4.4924
"151",56969,1582.4722,8.7248,6.4149,0.1211,0.0408,0.1216,0.0471,2.1346,1.1844,1.1589,5.1402,-3.9825,5.3175,5.5158,-1.22,8.3424,4.6288,5.5852,62683,1741.1944,10.5632,5.8299,0.1174,0.0278,0.1134,0.8007,1.8755,1.2903,0.0142,4.739,-5.005,5.4188,4.8596,9.9909,8.3085,3.2503,7.1061,15395,427.6389,9.3776,1.6128,0.2168,0.1302,0.0879,-0.4129,2.4879,-0.7915,-0.161,3.4813,0.327,-0.2251,3.4584,-1.6562,4.747,2.8252,2.8233,55065,1529.5833,8.927,6.0601,0.2096,0.0495,0.1951,1.0617,1.7467,1.3544,-4.0285,2.6162,-4.9987,-3.9574,2.1021,-4.0856,6.6068,1.9187,6.9495,60921,1692.25,10.5024,5.6988,0.2297,0.0468,0.2038,1.1796,1.2189,1.2793,-4.1428,1.9271,-4.5182,-4.1548,1.6134,-4.3063,6.3352,1.8668,6.2127
"153",52333,1585.8485,9.1959,6.6537,0.1153,0.033,0.1066,0.9028,1.2937,1.0582,-2.1092,2.4978,-3.0161,-0.1776,2.3182,-1.1562,3.9785,1.6592,4.0926,58835,1782.8788,11.2385,6.1208,0.1269,0.0229,0.1215,1.5473,0.9836,1.6991,-4.0144,1.6923,-4.3899,-1.6842,1.401,-1.6114,4.9802,1.529,5.6389,13475,408.3333,8.7875,1.7928,0.1972,0.1156,0.1014,-0.4702,1.9817,-0.4615,-0.5105,3.0674,-1.2002,-0.9037,3.5873,-3.2412,4.5592,2.5914,3.201,51469,1559.6667,9.3067,6.466,0.2114,0.0466,0.2007,1.0075,1.5085,1.3065,-3.7321,2.12,-4.3406,-4.0545,1.882,-4.2784,6.2128,1.7593,6.3907,57624,1746.1818,11.1295,6.0535,0.2298,0.0431,0.2251,1.1462,1.0864,1.241,-4.2375,1.6061,-4.3075,-4.5882,1.3682,-4.8413,6.5542,1.7307,6.6991
"154",42387,1324.5938,8.6696,6.0792,0.1073,0.0291,0.1006,0.0029,1.7748,0.7673,1.8288,5.1915,-3.0961,3.49,5.8805,-2.3252,7.3185,5.1618,4.0295,48158,1504.9375,10.3175,5.8037,0.1262,0.0269,0.1104,0.9237,1.4084,1.2975,0.144,4.4407,-3.9039,2.9528,5.5926,-3.5573,7.1154,3.4559,5.7575,13699,428.0938,9.1694,1.8576,0.1651,0.1066,0.0808,-0.9302,2.3105,-0.2197,0.2039,3.2285,-0.7385,-1.3884,3.1966,-2.2155,4.6476,2.6857,2.6062,41749,1304.6562,8.5193,6.0933,0.193,0.0367,0.1972,0.8135,1.3396,1.0772,-3.4864,2.008,-4.4525,-4.4391,1.8278,-5.4771,6.1805,1.8685,7.0489,49824,1557,10.7222,5.7778,0.2171,0.0397,0.2135,1.2488,1.0827,1.2362,-3.9751,1.551,-4.2835,-4.806,1.3944,-5.2968,6.5555,1.7338,6.5931
"25",36024,1200.8,8.5608,5.9531,0.1059,0.0307,0.102,0.8547,1.6783,1.3419,-1.551,4.5323,-4.2105,-1.0744,4.9413,-5.1713,6.6479,2.8054,6.5349,41697,1389.9,10.2093,5.778,0.1302,0.0309,0.1217,1.1421,1.2338,1.344,-2.9101,4.0317,-5.0482,-2.4373,4.4807,-5.2552,6.9326,2.3464,7.2028,9648,321.6,7.6283,1.7893,0.1571,0.1069,0.0828,-0.1821,2.8006,-0.7211,-1.1532,4.0379,-3.074,-2.6025,4.0582,-4.3678,6.2682,3.0756,5.3791,35877,1195.9,8.5448,5.9399,0.1956,0.0448,0.1813,0.9381,1.4367,1.252,-4.6552,2.0858,-5.3317,-6.6129,1.657,-6.9471,8.4905,1.8311,8.3688,41177,1372.5667,10.2931,5.6595,0.2191,0.0448,0.2294,0.9658,1.1062,1.1583,-4.3805,1.6536,-4.7484,-6.1927,1.6709,-6.4369,7.8199,2.0177,8.3392
"3480",49086,1636.2,9.4432,7.3537,0.1346,0.0388,0.1352,0.0218,1.6595,0.4265,0.5242,3.7732,-3.3327,3.3207,6.1748,9.0325,7.3923,3.4313,5.4721,54082,1802.7333,11.3069,6.7667,0.1247,0.023,0.1275,0.0109,1.3345,0.014,0.477,3.2599,2.929,3.8837,5.466,8.5813,7.0867,2.7154,9.3697,14772,492.4,9.0521,2.3086,0.2022,0.1472,0.0455,-0.2794,2.421,-0.342,-0.0128,3.5956,-0.505,-2.4358,4.8579,-4.1041,6.174,3.2063,4.8032,47135,1571.1667,9.4775,7.0358,0.2183,0.047,0.2032,0.5114,1.4852,0.8768,-3.2405,2.2617,-4.0246,-4.9239,2.3665,-5.3819,6.6112,2.0544,7.1596,51439,1714.6333,10.8466,6.7091,0.2294,0.041,0.2069,0.9799,1.0971,0.9565,-3.9608,1.6679,-3.7528,-4.8313,1.8019,-4.2586,6.5603,2.0455,5.2339
"3481",37288,1202.8387,8.4741,5.8299,0.1389,0.0399,0.1214,0.9626,1.3679,1.4315,-3.5577,2.1903,-4.5003,-2.725,2.4805,-3.6503,5.4496,2.0329,6.7321,45018,1452.1935,10.4456,5.7101,0.1356,0.0268,0.1272,1.2013,1.0179,1.2772,-4.3299,1.931,-5.0927,-3.2197,2.7201,-4.7565,6.229,1.9802,7.4316,11523,371.7097,6.3409,2.4077,0.1528,0.1126,0.0757,-0.3133,2.0457,0.0422,-2.0707,3.2084,-3.631,-2.1685,3.5338,-3.7441,5.4748,2.4657,4.8831,37837,1220.5484,8.4522,5.9311,0.214,0.038,0.2094,0.7719,0.9894,0.7654,-4.3961,1.5395,-4.6398,-5.549,1.1703,-5.8531,7.273,1.5921,7.3464,41960,1353.5484,10.3442,5.3743,0.2167,0.0379,0.2149,0.6282,0.8932,0.5561,-3.7812,1.2445,-3.9565,-4.9826,1.0475,-4.9456,6.4023,1.4043,6.7076
"3513",52914,1824.6207,10.6332,7.5339,0.1104,0.0311,0.1059,-0.064,1.6451,0.703,-0.7323,4.011,-3.0809,0.4591,3.9496,-1.8689,4.97,3.2316,4.0222,60908,2100.2759,13.0024,7.092,0.1262,0.0258,0.125,0.3206,1.146,0.5888,-2.1915,3.3115,-4.0137,-0.9535,3.3084,-2.9081,4.9749,2.071,4.9695,15625,538.7931,8.889,2.6612,0.1668,0.1222,0.0335,-1.0285,2.4942,-0.7408,0.0055,3.7456,-0.9592,-0.6139,4.4351,-4.3864,5.5756,3.2041,3.7655,52420,1807.5862,10.5572,7.5173,0.1935,0.0439,0.1854,0.4456,1.3147,0.4065,-3.4988,1.8065,-3.8537,-4.5459,1.6482,-4.5242,6.1554,1.7103,5.6891,57850,1994.8276,12.9361,6.7704,0.2112,0.036,0.2154,0.7045,1.0411,0.6712,-4.0001,1.5715,-4.13,-4.9589,1.5365,-5.0597,6.5888,1.8947,7.3069
"3585",53097,1712.8065,10.3185,6.8178,0.083,0.0309,0.0715,-1.1641,1.8425,-1.0067,0.1181,3.307,-0.952,1.5462,3.3482,0.3319,4.4184,3.1271,2.4876,63398,2045.0968,12.3484,6.8022,0.0784,0.021,0.0754,-0.893,1.4796,-0.4094,-0.7563,2.875,-1.286,1.2156,2.5747,0.4013,3.8026,2.339,2.7739,18841,607.7742,10.5461,2.367,0.1837,0.1422,0.0592,-1.4211,2.5338,-0.9798,0.1134,3.531,0.116,-0.3548,3.8252,-2.0395,5.0936,3.1197,3.3564,50852,1640.3871,9.7381,6.9187,0.2148,0.0524,0.2116,0.3693,1.2597,0.4334,-4.0673,1.8823,-4.2597,-6.431,1.8762,-6.619,7.9384,1.9151,8.1988,60967,1966.6774,11.7845,6.8544,0.1875,0.0445,0.1935,0.173,1.037,0.0374,-3.0284,1.7861,-3.2454,-4.7181,2.0505,-3.8445,5.861,2.3622,5.3176
"73",47661,1444.2727,8.6229,6.4624,0.1205,0.0253,0.1192,0.0869,1.7764,0.6931,2.78,5.5498,-3.8609,5.165,5.6187,9.9029,8.727,4.8763,4.446,53415,1618.6364,10.6051,5.8889,0.1255,0.0227,0.1248,0.3524,1.3513,0.6849,1.9526,4.4048,-3.3214,5.2777,5.0352,9.892,7.9321,3.9311,11.3847,13515,409.5455,8.3679,1.8883,0.1716,0.1164,0.0746,-1.3104,2.5798,-0.7915,0.6349,3.5484,0.8107,0.6955,3.9506,-1.4193,4.9873,3.5472,2.6397,43924,1331.0303,8.372,6.1342,0.2104,0.0614,0.2076,0.8034,1.36,0.8692,-3.4923,1.9734,-3.7842,-4.0943,2.399,-4.8418,6.1233,1.8995,6.6784,53168,1611.1515,10.3006,6.0349,0.2109,0.0421,0.1964,0.992,1.0408,0.8516,-3.6095,1.5185,-3.396,-4.0513,1.6317,-4.5875,5.7745,1.7699,6.5874
"74",40944,1320.7742,8.4602,6.412,0.1078,0.0398,0.1029,0.2621,1.9477,0.7205,0.2079,5.2133,-4.5306,3.2691,5.6505,-3.1712,7.573,4.0431,6.0301,46813,1510.0968,10.5674,5.8693,0.1175,0.0249,0.1157,0.5194,1.575,0.8916,0.4194,4.7503,-4.3883,4.3094,5.214,8.8727,7.7841,3.2642,6.4484,12410,400.3226,8.4315,1.9501,0.1643,0.0886,0.1116,-0.2165,2.8032,0.4138,-1.1688,3.9781,-3.0348,-2.0963,3.6007,-3.093,5.8614,2.8456,4.4778,42059,1356.7419,8.7262,6.3859,0.1843,0.0454,0.1751,0.8272,1.819,1.0231,-4.3997,2.798,-5.5439,-4.9604,2.2764,-5.7677,7.487,2.216,8.3967,45960,1482.5806,10.3402,5.8889,0.2039,0.0386,0.1959,1.058,1.2658,1.0518,-4.5364,1.9547,-5.4212,-4.9948,1.8003,-5.8312,7.109,2.1845,8.5289
"7",33463,1119.1639,8.1348,5.8585,0.1118,0.0338,0.1071,0.321,1.7351,0.7214,-1.0788,4.3976,-4.3194,1.4115,5.4994,-3.8541,6.8015,3.0969,5.9168,42746,1429.6321,10.3993,5.8541,0.1205,0.0268,0.1115,0.5831,1.2929,0.8875,-1.697,3.7565,-4.6073,1.3667,5.2194,-3.7516,6.4603,2.5252,6.5872,10551,352.8763,7.2689,2.0673,0.1283,0.0897,0.0482,-1.3633,3.0584,-1.9727,0.376,4.0129,1.1583,-0.2861,4.134,-3.8137,5.9585,3.0202,4.5304,36231,1211.7391,8.6345,5.976,0.1934,0.0432,0.2,0.2948,1.7682,0.5769,-3.4665,2.7252,-4.4524,-4.7565,2.3,-5.6492,6.8102,2.0474,7.0444,40845,1366.0535,10.261,5.6692,0.1995,0.0359,0.2049,0.7618,1.1838,0.8506,-3.9518,1.8635,-3.5375,-4.8187,1.7303,-3.8042,6.5323,2.1479,4.6097
"157",61279,1856.9394,9.7462,7.3512,0.1162,0.0332,0.1141,-0.2231,2.0593,1.2038,1.8427,4.8229,-3.2019,5.3501,6.2936,-1.9366,8.4899,5.2058,4.1632,68126,2064.4242,11.8013,6.7494,0.1227,0.0245,0.121,0.0816,1.56,0.2521,0.7957,3.8994,-2.9646,5.6039,6.0231,11.8117,8.3023,4.1268,4.5642,16208,491.1515,9.6441,1.9649,0.2277,0.1363,0.1047,-0.5167,2.4687,-0.8435,0.01,3.7138,0.6816,-1.4367,3.5234,-3.0821,5.0057,3.0942,3.604,59051,1789.4242,9.9043,6.9708,0.2046,0.0533,0.1971,1.0796,1.8011,1.4981,-3.8174,2.5465,-5.1189,-4.6738,2.1484,-5.3456,6.9377,1.9481,7.5215,66009,2000.2727,11.6482,6.6256,0.2288,0.0549,0.2449,1.0479,1.2322,0.7794,-3.653,1.7952,-3.7558,-4.5099,1.7314,-4.7482,6.2178,1.9645,5.975
"165",53120,1609.697,9.1196,6.8103,0.1307,0.0395,0.1244,-0.3814,2.0091,0.5442,3.7448,5.1314,-1.7927,6.6906,5.5699,12.2698,9.2999,5.8168,2.4985,61383,1860.0909,11.0081,6.5196,0.1331,0.0379,0.1353,-0.4607,1.6869,-0.3613,3.2316,4.7573,-1.3454,7.0181,5.5647,12.8111,9.274,5.5085,2.3341,16924,512.8485,9.5667,2.0683,0.2356,0.1666,0.0682,-0.4919,2.3941,-0.8258,0.1832,3.3843,0.0744,-0.2464,3.9721,-2.3486,5.0012,2.8786,3.7968,54573,1653.7273,9.2726,6.8811,0.2623,0.0614,0.2571,0.7017,1.4889,0.5961,-3.1711,2.0586,-3.6182,-3.755,1.9132,-3.8723,5.649,1.6888,5.3616,58382,1769.1515,11.1287,6.1336,0.257,0.0502,0.2755,0.899,1.0927,0.7786,-3.4496,1.7673,-3.3486,-3.9202,1.8359,-3.9345,5.631,2.0138,6.0322
"205",30541,985.1935,7.6758,5.2717,0.0933,0.0296,0.0923,0.5384,1.6074,1.0632,-1.3377,3.7951,-3.4044,0.0186,3.4748,-1.9971,4.9296,2.615,4.4044,35171,1134.5484,9.3464,4.9857,0.1211,0.0261,0.1119,0.9041,1.3171,1.2369,-2.4881,3.636,-3.9316,-1.1941,3.2769,-3.0012,5.3816,2.2728,5.3192,9894,319.1613,7.2034,1.8198,0.1395,0.0921,0.0981,-0.2537,2.4944,-0.0649,-0.7584,3.6549,-2.0289,-1.1306,3.9479,-2.0851,5.3006,2.9976,3.3391,31776,1025.0323,7.8465,5.3655,0.157,0.0374,0.1409,0.6259,1.5307,1.0589,-3.2004,2.1472,-3.5695,-3.8483,1.8828,-3.9792,5.6976,1.8654,5.7246,36595,1180.4839,9.2599,5.236,0.1873,0.0335,0.1859,0.6869,0.976,0.9098,-3.2646,1.4691,-3.5819,-3.9295,1.3351,-3.9706,5.3812,1.5833,5.361
"230",36963,1120.0909,7.6948,5.6163,0.1203,0.0343,0.1147,0.6048,1.2493,1.0249,-1.8657,2.3778,-3.0536,-0.7576,2.1449,-1.4943,3.6138,1.7822,3.6142,42665,1292.8788,9.3948,5.3097,0.1184,0.0171,0.1138,1.0981,1.032,1.0995,-2.5892,2.2653,-3.6426,-1.1151,2.3103,-2.2048,4.2804,1.538,4.0545,14209,430.5758,8.1678,2.0339,0.1709,0.0969,0.1147,-0.7775,2.0613,-0.0614,-0.6427,3.2674,-2.043,-1.0277,3.3226,-2.6677,4.5838,2.6507,2.9141,36189,1096.6364,7.7354,5.4699,0.2083,0.044,0.1906,0.7806,1.1451,1.0677,-3.335,1.6782,-3.5529,-4.2983,1.5805,-4.6038,5.8256,1.7013,5.7275,44853,1359.1818,9.7705,5.3673,0.2179,0.0381,0.2013,0.8265,0.9273,0.9986,-3.0157,1.4216,-3.1403,-4.0302,1.2947,-4.3924,5.28,1.6429,5.5782
"329",54908,1715.875,9.3768,7.281,0.113,0.038,0.1026,-0.4127,1.8036,0.211,2.7777,4.6119,-1.7415,5.4463,5.334,0.5254,7.9317,5.2546,2.978,61507,1922.0938,11.3609,6.7317,0.1137,0.0268,0.1136,-0.4317,1.7906,-1.0717,2.8606,4.735,6.729,6.5691,5.7243,11.9237,9.2823,4.874,13.9768,21425,669.5312,10.1205,2.6323,0.2371,0.1571,0.0621,-0.9157,2.4687,-0.6727,0.5111,3.3939,0.0753,-0.3184,3.7826,-2.5974,4.8857,3.0416,3.1292,53469,1670.9062,9.4822,7.0114,0.2494,0.0633,0.2109,0.5313,1.4693,0.623,-2.8557,2.0551,-3.5193,-4.0893,1.7289,-4.1142,5.5797,1.8433,5.1374,61708,1928.375,11.4125,6.7231,0.2161,0.052,0.184,0.8484,1.2559,0.4562,-3.1106,1.9424,-2.7841,-3.6702,1.7606,-3.1247,5.2798,2.107,4.5125
"3630",43205,1489.8276,9.6496,6.7786,0.0707,0.0294,0.0579,-0.6917,2.3679,-0.0105,0.8855,5.9179,-2.6907,2.5264,4.9974,-0.1928,6.5245,5.5388,3.3667,48948,1687.8621,11.6566,6.3574,0.0765,0.0201,0.0694,-0.0161,1.6458,0.4232,-1.3304,4.3635,-3.3885,0.4023,3.4848,-1.0124,4.9182,3.411,3.7883,12223,421.4828,9.1612,2.0199,0.1071,0.0774,0.0601,-1.1024,2.7885,-0.553,-0.9425,4.4691,-2.4443,-0.9909,4.6797,-4.5642,6.3952,3.4397,5.1694,42940,1480.6897,9.4767,6.8599,0.12,0.029,0.1036,0.3982,1.4927,0.5316,-3.4481,2.2701,-3.5717,-4.0771,1.7465,-3.7586,5.9526,1.9154,5.9694,46848,1615.4483,11.4547,6.1918,0.1236,0.0304,0.1081,0.2472,1.2423,0.0966,-2.6399,2.0136,-2.9244,-3.3407,1.7328,-3.9834,4.8203,1.8856,5.217
"3671",47916,1545.6774,9.3114,6.8179,0.0934,0.026,0.0934,-0.9037,2.0873,-0.1638,3.1841,5.5138,6.9215,6.9694,6.3651,12.722,10.1856,5.5726,4.6083,48892,1577.1613,10.5809,6.1221,0.0845,0.0261,0.0793,-0.6461,1.9708,-0.1581,2.6441,5.7347,6.75,7.0599,6.4125,12.4589,10.4309,5.1318,14.108,14393,464.2903,9.2014,2.0725,0.1625,0.1186,0.0532,-0.6269,2.9207,-1.0745,-0.032,4.0118,-0.6189,-0.4276,5.6579,0.657,6.4197,3.9997,4.3354,46957,1514.7419,9.1142,6.826,0.1835,0.0335,0.1821,0.5386,1.3356,0.6028,-4.5015,2.1636,-4.7272,-4.9192,1.9941,-4.7398,7.1587,1.9865,7.0293,46054,1485.6129,10.534,5.7924,0.1566,0.0312,0.1685,0.8015,1.1257,0.4355,-4.3606,1.9257,-4.8423,-4.166,1.9113,-3.255,6.3819,2.2165,6.7413
"3674",51311,1554.8788,9.0707,6.6138,0.0836,0.0272,0.0742,-0.1994,1.9014,0.2597,0.0514,4.6956,-2.6722,0.5513,5.0715,-2.7266,5.9691,4.0123,4.1554,54318,1646,10.623,5.9783,0.0809,0.0183,0.0803,0.5557,1.3564,0.7159,-2.3789,3.6423,-4.0048,-1.4659,3.9785,-3.2961,5.7705,2.3985,4.9421,12146,368.0606,8.5253,1.6657,0.2255,0.1544,0.0386,-0.683,2.6092,-0.7301,-0.2469,3.445,-0.6116,-3.1713,4.0205,-4.4016,5.9955,3.0783,4.5866,50722,1537.0303,9.2034,6.4437,0.1851,0.0375,0.191,0.7874,1.2479,0.5543,-5.04,1.9327,-5.2079,-7.2921,1.7491,-7.8669,9.1311,2.0424,9.3901,51700,1566.6667,10.6245,5.6894,0.1653,0.0358,0.1703,0.5132,1.0505,0.5039,-3.4789,1.8092,-3.5923,-5.3018,2.1366,-4.7271,6.5861,2.4578,5.1928
"399",56559,1767.4688,9.716,7.2381,0.1156,0.039,0.092,-0.0031,1.6379,0.4532,0.4292,4.3794,-3.0362,2.1964,3.9533,-0.2854,5.316,3.7733,3.0565,67179,2099.3438,12.3851,6.7444,0.1125,0.0204,0.0998,0.6771,1.3922,0.7694,0.1188,4.9738,-3.3292,2.5579,4.3552,-0.8043,6.2407,3.7032,4.5746,17291,540.3438,9.608,2.2377,0.2037,0.1508,0.1078,-0.7202,2.237,-0.7803,-0.7364,3.37,0.3661,-0.9839,3.916,-2.0826,4.9859,2.9772,2.9475,51276,1602.375,9.4728,6.7305,0.2161,0.0522,0.1793,1.1328,1.158,1.0705,-4.4733,1.6834,-4.7055,-4.5036,1.7181,-4.9711,6.7265,1.8594,6.721,68244,2132.625,12.4123,6.8363,0.2271,0.0486,0.2445,1.1845,0.9823,1.0338,-4.1843,1.5827,-4.5444,-4.067,1.5167,-4.352,6.113,1.9628,6.3511
"759",43065,1435.5,9.3926,6.4864,0.1266,0.0434,0.1172,-0.0651,2.0502,0.6097,0.5877,5.0893,-4.6257,3.7163,6.0057,10.1613,8.0723,3.8946,6.1623,51493,1716.4333,11.378,6.4025,0.1271,0.0308,0.122,0.148,1.5937,0.6351,0.8342,4.6904,-4.7141,4.6623,5.477,9.7062,8.1524,3.2451,5.6724,13718,457.2667,9.5511,2.0319,0.1859,0.127,0.0434,-1.1517,2.4925,-1.5202,-0.0535,3.836,0.3874,-0.4357,4.1641,-2.7666,5.5705,2.9588,3.6824,47612,1587.0667,9.5063,7.0856,0.2305,0.0485,0.2234,0.1957,1.6047,0.6291,-3.2762,2.716,-3.453,-4.3671,1.9429,-4.9134,6.328,1.8781,6.7574,48039,1601.3,11.4271,5.9474,0.2208,0.0451,0.1932,0.6919,1.2043,0.6064,-4.0064,2.082,-4.5772,-4.6286,1.7979,-4.0755,6.523,2.1027,5.3421
"786",38560,1243.871,8.386,6.0921,0.0923,0.034,0.0774,0.0205,1.6495,0.5641,-1.7103,3.1757,-2.8354,-0.9581,2.687,-1.7955,4.3716,2.1814,4.1221,42200,1361.2903,10.0167,5.5818,0.1056,0.0239,0.1008,0.949,1.2867,1.1643,-3.2996,2.8516,-4.4611,-1.9655,2.5138,-3.2128,5.3022,1.909,5.5315,13100,422.5806,8.8585,1.9593,0.2061,0.1295,0.1159,-0.5354,2.3718,-0.595,-0.6852,3.5937,-1.3968,-1.4474,3.6418,-3.2583,5.079,2.9759,3.1591,31321,1010.3548,7.6816,5.4022,0.1597,0.0463,0.1677,0.6725,1.3356,0.6888,-3.8872,2.0448,-4.2142,-4.6896,2.0481,-5.7084,6.6166,1.9838,6.7518,41372,1334.5806,10.1205,5.4162,0.1854,0.0406,0.1728,0.8643,1.1135,1.0688,-4.0769,1.6241,-4.4453,-4.9159,1.5618,-5.5766,6.6727,1.8239,7.265
"796",44209,1426.0968,9.1191,6.4231,0.125,0.0358,0.1249,0.0714,1.4318,0.6698,-2.8416,2.86,-4.3449,-2.3325,2.7007,-3.4169,5.171,2.0748,5.7378,47340,1527.0968,10.7519,5.8335,0.137,0.0248,0.1374,0.7192,1.1846,0.9457,-3.8268,2.8222,-5.1792,-2.5822,2.4689,-3.8633,5.8045,1.8975,6.6528,12047,388.6129,8.3834,1.9039,0.1869,0.1128,0.1152,-0.4587,2.1628,-0.721,-1.6699,3.1506,-2.4813,-2.5152,3.7115,-3.1444,5.4859,2.7582,4.8487,42941,1385.1935,9.0089,6.3152,0.1693,0.035,0.1691,0.5444,1.527,0.7266,-4.3895,2.198,-4.8344,-4.9778,2.0128,-5.3083,7.198,1.9356,7.611,47460,1530.9677,10.5931,5.936,0.2018,0.0327,0.2009,0.6785,1.057,0.7387,-4.1776,1.5118,-4.37,-4.8658,1.5653,-4.9743,6.6625,1.747,6.6048
"1017",56666,1666.6471,9.5678,6.5232,0.1192,0.0351,0.1162,0.1274,1.8922,0.8031,1.1987,5.9489,-2.8476,2.7036,5.4842,-1.5275,6.9301,5.4574,3.8124,64893,1908.6176,11.7766,6.0692,0.1512,0.0358,0.172,0.9063,1.3421,1.14,-2.4487,4.0794,-4.4483,-1.0234,3.7952,-3.3108,5.7226,2.8218,4.9242,20123,591.8529,9.5418,2.3228,0.1944,0.1421,0.0406,-0.8526,2.5188,-0.2152,0.0275,3.8482,-0.6904,-0.3222,4.2575,-3.2281,5.4261,3.2661,3.3753,55267,1625.5,9.7234,6.2604,0.2149,0.055,0.1974,0.7686,1.3856,0.7272,-3.7253,1.9734,-3.872,-5.1168,1.891,-5.1816,6.8425,1.7943,6.8699,68150,2004.4118,11.9012,6.307,0.2449,0.053,0.2014,0.682,1.0773,0.6061,-3.1757,1.5923,-3.5408,-4.667,1.4838,-4.6925,5.9405,1.7144,6.2038
"1030",45424,1336,8.4556,5.9169,0.1199,0.0314,0.1193,0.0744,1.8704,0.4222,0.2576,3.6789,-2.673,3.2137,4.382,-1.2485,5.9065,3.4274,4.4415,52906,1556.0588,10.3229,5.6449,0.129,0.0231,0.1337,0.3669,1.534,0.5428,-0.4206,3.2777,1.6087,3.7309,4.0862,6.6166,6.2183,2.3146,5.9675,13065,384.2647,8.8079,1.6338,0.189,0.1342,0.0527,-0.5772,2.7996,-0.8082,0.6831,4.1086,0.0873,0.3894,3.989,-2.0038,5.5225,3.329,3.3678,43336,1274.5882,8.6939,5.4902,0.1805,0.0402,0.1813,0.6586,1.9346,1.0521,-3.018,2.8387,-4.1168,-3.4774,2.2291,-3.9138,5.8845,1.9432,6.0776,53446,1571.9412,10.4277,5.6452,0.2131,0.041,0.2017,0.9036,1.364,1.0613,-3.4811,2.1564,-3.8347,-3.8301,1.6463,-3.987,5.7532,1.93,6.6748
"1040",42669,1422.3,9.2989,6.4915,0.1167,0.0337,0.112,0.6403,1.3953,1.0408,-3.1259,2.371,-3.4631,-2.8504,2.1412,-3.2725,5.1943,1.8648,5.2944,48913,1630.4333,11.2853,6.1317,0.13,0.0245,0.128,0.9735,1.0845,0.8349,-3.9783,2.0483,-4.3008,-3.3525,1.7964,-3.703,5.771,1.8187,5.5848,16831,561.0333,9.2993,2.5605,0.189,0.117,0.1023,-0.5679,2.3045,-0.4913,-0.79,3.476,-1.1381,-2.1505,4.1108,-3.7028,5.6993,2.7167,4.4086,40800,1360,9.3739,6.1575,0.2009,0.0509,0.1997,0.3377,1.5936,0.484,-3.5412,2.3576,-4.0604,-5.182,2.6583,-6.0479,7.0985,2.0692,7.0681,49108,1636.9333,11.3564,6.1176,0.2264,0.0358,0.2163,0.6642,1.0619,0.5195,-3.9345,1.6399,-4.5536,-5.6768,1.4746,-6.0351,7.1209,1.8524,7.7075
"1062",60984,1848,9.605,7.4234,0.113,0.0338,0.1035,0.0261,2.0507,1.2513,0.9486,4.6815,-3.883,4.8939,5.5833,-1.4447,7.8505,4.5294,5.0104,65819,1994.5152,11.4084,6.7454,0.1183,0.024,0.1207,0.4573,1.4404,0.7653,-0.3795,3.7664,-3.8614,4.6478,4.8479,9.7025,7.3524,2.7674,5.3449,19019,576.3333,10.2777,2.1636,0.2198,0.1332,0.1447,-0.8314,2.5759,-0.9552,0.6657,3.7555,0.2304,0.0239,3.7007,-1.7881,4.9965,3.2563,3.4743,59358,1798.7273,9.5314,7.2812,0.203,0.0508,0.1968,0.8469,1.8498,1.3305,-3.5973,2.6919,-4.56,-4.0965,2.2813,-4.737,6.4848,2.0635,6.8599,64771,1962.7576,11.6166,6.5191,0.2252,0.0503,0.2079,0.8989,1.3651,0.9433,-3.4917,2.1068,-3.9671,-3.8902,1.7861,-4.529,5.7838,2.0429,5.9851
"1093",51793,1670.7419,9.9078,6.9259,0.1056,0.0361,0.0954,0.4824,1.751,1.1567,-2.9008,3.7147,-4.4529,-1.465,3.6112,-3.1437,5.8567,2.5294,5.9243,57525,1855.6452,12.0104,6.3458,0.1254,0.0286,0.116,0.7676,1.2622,1.142,-3.8174,2.9281,-4.9942,-2.2214,3.1991,-3.5079,6.0409,2.0012,6.1406,15328,494.4516,9.6626,2.1017,0.1687,0.1232,0.058,-1.4408,2.5948,-1.5256,0.1684,3.6579,-0.2483,-0.7138,3.9922,-1.4437,5.4403,3.0111,3.9291,48842,1575.5484,9.6573,6.7008,0.2196,0.0469,0.1843,0.4752,1.5037,1.0082,-3.9682,2.1701,-4.6973,-5.6365,1.6819,-5.718,7.3838,1.7384,7.8611,54851,1769.3871,11.7955,6.161,0.2226,0.0436,0.2102,0.7121,1.1682,0.7442,-3.8224,1.7809,-4.4447,-4.9669,1.5702,-5.283,6.5649,1.9213,7.1673
"1102",46066,1535.5333,9.6034,6.7861,0.1074,0.0347,0.1014,0.4376,1.6058,0.8041,-2.7526,3.0238,-4.2209,-1.9305,2.8923,-3.3684,5.118,2.3213,5.5127,50626,1687.5333,11.325,6.3242,0.1251,0.0258,0.12,0.7825,1.2131,1.0158,-3.1693,3.2383,-4.5984,-2.0962,2.9877,-3.7032,5.6227,2.0786,5.431,15946,531.5333,9.5322,2.3666,0.1722,0.1323,0.0638,-1.4138,2.4413,-1.1556,-0.051,3.3595,-0.3213,-1.0016,4.0225,-2.2369,5.2579,2.9638,3.249,46540,1551.3333,9.622,6.8427,0.187,0.0398,0.1751,0.6606,1.4444,1.2282,-4.3658,1.9387,-4.4316,-5.7813,1.6871,-5.6464,7.6334,1.8279,7.623,51486,1716.2,11.3808,6.4,0.1968,0.0365,0.2014,0.9296,1.0419,0.9593,-4.1951,1.6162,-4.0759,-5.2012,1.4595,-5.4137,6.9052,1.9138,6.799
"3701",53219,1716.7419,9.4875,7.4319,0.0985,0.0305,0.0877,-0.6529,1.8921,-0.011,0.9661,4.4694,-2.8727,4.6145,5.6637,9.3098,7.7717,4.2292,4.5682,54820,1768.3871,10.8742,6.6793,0.0981,0.0328,0.0868,-0.4473,1.6012,0.2087,0.6454,4.285,3.9249,5.352,5.3619,9.8777,8.2038,3.4106,10.9947,15559,501.9032,8.2399,2.5018,0.1396,0.1153,0.041,-1.4282,3.1561,-0.8691,-0.3938,4.1749,-0.5749,-0.5426,4.4536,-2.3733,5.8307,3.9643,3.4241,52326,1687.9355,9.5552,7.2555,0.1507,0.0405,0.1488,0.4411,1.8012,0.9001,-3.931,2.5428,-4.6293,-4.4555,2.2231,-4.9652,6.8346,1.8542,7.227,53667,1731.1935,11.0823,6.416,0.1754,0.0375,0.1859,0.4171,1.1353,0.3794,-4.0917,1.934,-4.3415,-4.541,2.0451,-5.2892,6.4091,2.3815,5.8366
"3729",33122,1068.4516,7.9595,5.5133,0.1178,0.0375,0.1171,1.0479,1.5876,1.2646,-3.9012,3.0497,-5.0086,-3.2752,3.7623,-5.3158,6.7914,2.6262,7.1457,34152,1101.6774,9.5241,4.7509,0.1215,0.0289,0.1114,1.6195,1.0498,1.8693,-5.2416,2.0039,-6.0083,-4.5722,2.7516,-5.911,7.6887,2.1386,8.3291,9769,315.129,8.2412,1.5705,0.1539,0.1038,0.0725,0.0618,2.6752,0.2709,-1.63,3.9752,-3.9318,-2.8341,3.8285,-5.2215,6.3282,2.8741,5.1793,29734,959.1613,7.7355,5.0927,0.1658,0.0357,0.1798,0.8497,1.4371,0.6765,-4.4271,2.0421,-4.4632,-5.652,1.58,-5.5933,7.5984,1.806,7.3832,36973,1192.6774,9.6664,5.0676,0.1804,0.0327,0.1798,0.7773,1.1223,0.5581,-4.2483,1.7038,-4.0294,-5.1632,1.5088,-4.7437,6.9364,1.9067,5.7477
"797",40038,1291.5484,8.4955,6.2441,0.1236,0.04,0.1127,0.4398,1.6112,0.8079,-1.2548,4.2732,-3.5614,-0.0039,4.3022,-2.7545,5.5539,3.2071,4.908,46046,1485.3548,10.5993,5.7557,0.1399,0.0304,0.1356,0.9354,1.1853,1.1585,-3.1836,3.2514,-4.4685,-1.8905,3.3877,-3.0649,5.785,2.1377,5.7064,10281,331.6452,8.125,1.6765,0.2208,0.1268,0.1283,-0.585,2.3416,-0.8234,-0.6404,3.2281,-0.6998,-1.5715,3.369,-2.2433,4.8199,2.6912,3.3166,39635,1278.5484,8.4355,6.2252,0.2112,0.0383,0.1983,0.5097,1.3775,0.7929,-3.9888,1.916,-4.2337,-5.1552,1.5089,-5.5081,6.925,1.6236,6.9356,46199,1490.2903,10.3687,5.9033,0.2212,0.0376,0.2005,0.6968,1.0269,0.587,-3.7886,1.4958,-4.2373,-4.7164,1.3626,-5.3778,6.2946,1.6156,6.5024
"826",50827,1639.5806,9.3745,7.1835,0.1217,0.0371,0.116,0.1747,1.812,0.8835,0.6641,4.4854,-3.7715,4.4408,5.6205,8.5635,7.7114,3.9646,5.5413,52122,1681.3548,11.396,6.0598,0.1112,0.0284,0.114,0.6844,1.5843,0.6884,-0.6245,4.0386,-3.9581,4.1425,4.7503,7.9204,7.2172,2.705,6.8998,13545,436.9355,9.2932,1.9311,0.1495,0.1033,0.0678,-0.8809,2.8917,-1.1135,-0.3094,4.2182,-0.3883,-1.0023,4.0632,-3.3148,5.8514,3.2094,4.2703,49977,1612.1613,9.3754,7.0626,0.2056,0.0534,0.1784,0.5035,1.8492,1.0769,-3.6044,2.8726,-5.0524,-4.6736,2.2876,-5.5167,6.8937,2.1138,7.2307,54169,1747.3871,11.2156,6.3991,0.2095,0.0457,0.187,0.7791,1.2153,0.773,-4.008,1.8941,-3.9627,-4.8805,1.7224,-4.6382,6.6691,2.0112,6.5945
"855",63341,1919.4242,10.542,7.025,0.1253,0.04,0.1362,1.1329,1.5999,1.4479,-2.059,3.6296,-4.1697,-1.0256,3.9192,-3.5854,5.4654,2.7925,5.5549,68056,2062.303,12.2828,6.4782,0.1457,0.0408,0.1293,1.2542,1.3499,1.5116,-3.1925,3.0206,-4.532,-2.3861,2.8204,-3.4611,5.5062,2.4579,5.8257,18790,569.3939,9.4333,2.3289,0.1684,0.1254,0.0779,-0.2177,2.3426,-0.291,-0.1566,3.9438,-0.6957,-0.6558,3.794,-1.4894,5.0143,3.2854,2.5298,65698,1990.8485,10.733,7.1567,0.1807,0.0552,0.1901,1.2549,1.5978,1.396,-3.5309,2.5171,-4.4006,-4.195,2.4135,-4.8614,6.4266,2.2478,7.0657,73679,2232.697,12.49,6.8971,0.2344,0.0549,0.2162,1.2153,1.1706,1.3665,-3.832,1.7231,-4.2885,-4.5026,1.7206,-4.8404,6.3556,1.8278,6.7869
"888",48353,1559.7742,9.3906,6.822,0.1119,0.0389,0.0981,-0.5017,1.928,0.496,1.2764,4.7035,-4.0801,4.6738,6.4888,-2.1866,8.489,4.4279,5.0194,53443,1723.9677,11.3387,6.2447,0.1048,0.0246,0.1048,-0.2351,1.6569,-0.49,1.1105,4.4077,4.6699,5.7898,6.3732,11.6087,9.0604,3.9382,12.561,14341,462.6129,10.053,1.89,0.2077,0.1361,0.0381,-1.0239,2.4317,-0.9472,-0.0168,3.8284,-0.2624,-0.6363,5.0279,-2.6284,5.8077,3.684,2.6435,46719,1507.0645,9.1315,6.7786,0.2666,0.0595,0.2725,0.1641,1.3797,0.2777,-3.262,1.9855,-3.8354,-5.1803,2.0464,-5.3352,6.6161,1.9397,6.9297,53588,1728.6452,11.2926,6.2872,0.2269,0.0453,0.2217,0.6315,1.0203,0.5286,-3.8269,1.5359,-3.7385,-4.8247,1.9519,-4.3204,6.4292,2.0487,5.4467
"979",57370,1850.6452,10.487,7.248,0.1152,0.0287,0.1099,-0.3623,1.8078,0.4979,2.0334,4.8152,-3.6417,5.2802,5.9647,10.5173,8.6778,4.3443,4.8912,64331,2075.1935,12.5634,6.7842,0.1158,0.0239,0.1107,-0.1762,1.4482,-0.38,1.4099,4.2211,4.7509,5.8018,5.6363,10.851,8.6464,3.5498,11.6937,14399,464.4839,10.3168,1.8492,0.1341,0.1047,0.0402,-1.1914,2.5243,-0.8176,-0.3752,3.6421,0.2702,-1.8818,4.5042,-2.9598,5.8903,3.214,3.6237,58069,1873.1935,10.3641,7.4233,0.1567,0.0471,0.163,0.56,1.4977,0.775,-3.8236,2.1824,-4.4886,-4.6613,2.0573,-5.1913,6.6192,2.0215,7.44,61830,1994.5161,12.1634,6.7349,0.1904,0.0391,0.1931,0.6982,1.0475,0.6317,-3.717,1.6294,-3.6993,-4.322,1.5648,-3.9688,5.9537,1.9332,5.2081
"998",56344,1878.1333,10.5548,7.5521,0.121,0.041,0.1178,-0.2144,2.1445,0.8271,1.4216,5.9566,-4.8168,4.1208,6.3906,-3.8244,8.6639,4.9904,6.5187,59405,1980.1667,12.1302,6.9283,0.1025,0.0238,0.0858,0.7302,1.5931,1.2757,-1.8445,5.037,-5.5359,1.8995,5.1277,-3.0059,7.1751,3.2036,6.1523,18700,623.3333,10.1592,2.6041,0.2263,0.1344,0.1079,-1.0258,2.2639,-1.0033,0.0174,3.3493,0.2002,-1.3185,3.3787,-2.8198,4.8168,2.7106,3.2777,48841,1628.0333,10.123,6.8256,0.2137,0.0526,0.1959,0.7267,1.3664,1.2836,-4.0528,2.0861,-4.7037,-5.0739,1.7347,-5.4983,6.9559,1.8819,7.7053,55431,1847.7,11.781,6.6564,0.2153,0.0443,0.1905,0.9463,1.0429,0.8827,-3.9863,1.707,-4.4249,-4.7009,1.4287,-3.6774,6.4097,1.9602,7.5404
"1117",48093,1603.1,9.969,6.8249,0.1155,0.041,0.1071,0.007,2.0734,0.8448,0.4401,4.5339,-3.7883,4.7654,6.4585,10.2306,8.3737,4.3989,6.0759,54148,1804.9333,11.5701,6.6209,0.1221,0.0249,0.1251,0.5424,1.4006,0.774,-0.9629,3.2187,-3.7803,4.448,4.9181,9.1942,6.9866,2.95,5.3681,14430,481,10.6463,1.9175,0.1749,0.1169,0.0482,-1.1705,2.6281,-1.479,0.4929,3.8424,0.6487,0.0362,3.9632,-2.0934,5.3256,3.26,3.6075,51114,1703.8,9.9545,7.2642,0.199,0.0498,0.1898,0.4513,1.9999,1.133,-3.2868,2.9526,-4.8397,-4.0174,2.5892,-5.4087,6.4765,2.1499,6.6966,54689,1822.9667,11.5311,6.7096,0.2113,0.0403,0.193,0.7194,1.2631,0.4324,-3.5857,1.899,-2.8095,-4.1023,1.7983,-3.4289,5.8563,2.084,4.3552
"1124",50233,1522.2121,8.795,6.6778,0.1323,0.042,0.122,0.4521,1.8402,1.0887,0.6107,4.9001,-4.3873,3.688,6.0804,9.1815,7.9951,3.8241,6.0922,52448,1589.3333,10.494,5.8434,0.1189,0.0275,0.1103,0.7553,1.5139,1.1242,0.1273,4.5624,-4.6593,4.119,5.5398,8.8639,7.8427,3.1369,6.0783,14141,428.5152,9.3198,1.774,0.2355,0.1365,0.0779,-0.9333,2.4301,-1.0852,-0.1336,3.555,-0.4712,-1.026,3.785,-2.3572,5.071,3.0157,3.0903,50351,1525.7879,8.9158,6.6028,0.243,0.058,0.2266,0.3298,1.5772,0.4216,-3.1761,2.2808,-3.9301,-4.6168,2.1021,-5.1042,6.3175,1.9259,6.4668,52202,1581.8788,10.5751,5.7715,0.2211,0.046,0.2048,0.8213,1.2357,0.7603,-3.8275,1.8196,-4.2418,-4.6145,1.7007,-4.6327,6.3692,1.9444,6.9316
"1125",46026,1484.7097,9.3322,6.5344,0.1058,0.0345,0.0931,0.2429,1.7329,0.8518,-0.2953,4.6414,-3.6659,1.3275,5.172,-2.0886,6.2328,3.7887,4.7736,49763,1605.2581,11.1956,5.889,0.118,0.026,0.1152,0.8689,1.2838,1.1706,-2.2722,3.702,-4.3852,-0.4054,4.3781,-3.5979,5.7694,2.7049,5.0675,13901,448.4194,8.9809,2.0507,0.1696,0.1137,0.0634,-0.4414,2.3583,-0.558,-0.7199,3.591,-0.3543,-1.0212,3.6592,-2.8003,5.034,2.8738,3.4258,46848,1511.2258,9.3496,6.6387,0.1844,0.0469,0.1591,0.6963,1.5723,0.8754,-3.8743,2.2038,-4.8544,-4.9545,1.9623,-5.2607,6.9162,1.8403,7.2571,50881,1641.3226,11.2467,5.994,0.1966,0.0377,0.1768,0.851,1.1115,0.7595,-3.7694,1.6399,-4.5876,-4.9051,1.4814,-4.8391,6.463,1.8281,7.2768
"1199",48920,1686.8966,10.4898,7.0604,0.1304,0.0465,0.1137,0.3695,1.5653,0.9546,-1.8579,4.4083,-4.3693,-1.3006,4.5823,-4.0282,6.1652,3.1859,6.3171,55012,1896.9655,12.5568,6.6327,0.1318,0.0271,0.1163,1.1917,1.2944,1.3986,-2.7647,4.374,-5.2978,-1.3024,4.0914,-4.2472,6.4645,2.553,6.6019,15878,547.5172,9.9223,2.4227,0.1541,0.1121,0.0834,-0.4366,2.3093,-0.0657,-1.4025,3.7887,-3.4313,-1.6284,3.8171,-3.0925,5.6146,2.746,4.3562,47998,1655.1034,10.2738,7.0731,0.2275,0.0565,0.2187,0.7113,1.328,0.795,-4.3624,1.9396,-4.9945,-5.9319,1.8053,-6.4803,7.7722,1.761,8.1492,54197,1868.8621,12.4346,6.5987,0.224,0.0436,0.2211,0.8607,1.099,0.8244,-4.2585,1.6227,-4.1459,-5.6233,1.6879,-5.9534,7.3231,1.8867,6.7712
"1866",38316,1236,9.0827,5.5893,0.1037,0.0283,0.1023,0.7298,1.564,0.814,-2.7011,2.9728,-3.7313,-1.9825,2.7056,-3.0053,5.0915,2.1067,5.3001,48954,1579.1613,11.5516,5.6148,0.1212,0.0293,0.1127,0.933,1.2927,1.1575,-3.6664,2.356,-3.9611,-2.9703,1.8946,-3.2122,5.4928,1.943,5.2832,11908,384.129,9.0578,1.7418,0.166,0.1084,0.0942,-0.2537,2.641,-0.8639,-0.7521,3.7955,-1.22,-0.9261,3.7896,-2.4717,5.2527,3.1042,3.9007,37776,1218.5806,9.02,5.5488,0.143,0.0322,0.1575,0.6711,1.3593,0.5589,-3.607,2.0628,-3.6705,-4.3499,1.665,-5.1274,6.1547,1.8376,6.4686,46178,1489.6129,11.0811,5.5213,0.1733,0.0339,0.1783,0.7251,1.1263,0.6605,-3.6336,1.5813,-3.8368,-4.5522,1.3494,-4.5984,6.1417,1.5234,6.4628
"1971",46093,1440.4062,8.8653,6.4647,0.0812,0.0274,0.0697,-0.2519,1.7764,-0.0903,-1.505,3.5346,-3.0185,-0.9489,2.9192,-1.4324,4.5945,2.508,3.9772,49919,1559.9688,10.5164,5.9021,0.0853,0.025,0.0825,0.1167,1.4606,0.2628,-3.3252,2.9313,-3.6887,-2.1605,2.2797,-3.0818,5.1705,2.2198,4.3971,14830,463.4375,8.3366,2.2119,0.1324,0.1254,0.0261,-1.5954,2.4761,-0.4019,-1.0231,3.8004,-2.2873,-1.9574,5.0166,-4.2857,6.7222,2.8236,4.9497,45986,1437.0625,8.8716,6.4451,0.2209,0.0427,0.2341,0.5995,1.1914,0.5786,-4.7626,2.0706,-4.9317,-6.7845,1.6228,-7.374,8.6009,1.8534,8.956,50627,1582.0938,10.5675,5.9569,0.2063,0.037,0.2063,0.6328,1.123,0.3894,-4.0303,2.1114,-4.3395,-5.9956,1.9212,-5.8918,7.5096,2.3679,8.1499
"2417",45431,1514.3667,9.3796,6.8523,0.1088,0.0309,0.1122,-0.5365,1.8854,-0.0555,1.3174,4.3133,-3.1855,4.6137,5.8375,-1.773,7.7244,4.4585,4.0457,49454,1648.4667,11.1452,6.2774,0.1062,0.0231,0.0978,-0.0396,1.4289,0.2077,0.0323,3.6809,-3.1699,4.0715,5.139,-2.0385,6.8717,3.3704,3.8621,11741,391.3667,8.7351,1.9015,0.1602,0.1049,0.0531,-1.2877,2.648,-1.221,0.4456,3.8473,0.0526,-0.5339,4.1124,-3.1435,5.5155,3.2318,3.5352,45556,1518.5333,9.457,6.8149,0.1899,0.0428,0.1875,0.2977,1.7398,0.8562,-3.5797,2.5549,-4.3881,-4.3942,2.2785,-5.3755,6.5722,1.9402,7.0962,50758,1691.9333,11.303,6.353,0.2069,0.0401,0.1986,0.4025,1.1263,0.1859,-3.6717,1.8962,-3.8445,-4.3542,1.7085,-3.7436,6.0155,2.0491,4.4793
"2552",44743,1491.4333,9.2108,6.8722,0.105,0.0391,0.0969,-1.1893,2.1093,-0.6183,1.5269,4.2115,-1.7698,5.2362,5.6771,9.6267,7.8817,4.8433,3.1426,49837,1661.2333,10.8786,6.4811,0.0993,0.0254,0.0946,-0.4952,1.5918,-0.2155,-0.4746,3.6049,-1.7799,3.4435,4.7952,0.5611,6.2466,3.4395,4.0225,15110,503.6667,9.8489,2.1704,0.1533,0.1459,0.0321,-1.9892,3.071,-1.2251,1.2583,4.1721,-0.0651,0.8114,4.5277,-2.6906,6.2534,3.7985,3.6655,44776,1492.5333,9.2095,6.8782,0.217,0.0532,0.1899,0.3495,1.4943,0.5487,-3.5081,2.1355,-3.9972,-4.5998,1.8163,-5.3298,6.4039,1.634,6.4566,49463,1648.7667,11.1019,6.3031,0.2171,0.0517,0.1841,0.2673,1.2203,0.2541,-3.2253,2.005,-3.9812,-3.8663,2.0797,-5.5769,5.4821,2.2812,7.1037
"2999",55274,1727.3125,9.7022,7.0837,0.0845,0.0348,0.0743,-0.3752,1.9964,0.1294,-1.6332,5.3729,-4.4972,-0.0929,4.7693,-2.8128,6.5438,3.9491,5.977,61362,1917.5625,11.9243,6.3985,0.0921,0.0252,0.0852,0.4182,1.6844,0.8657,-2.3842,5.7504,-5.4585,0.2569,4.5625,-2.5206,7.2114,3.262,6.6018,20260,633.125,9.7985,2.5709,0.1636,0.1255,0.0522,-1.3328,2.6424,-0.7569,-0.7921,3.5847,-0.9092,-1.0328,4.1587,-3.4874,5.6239,2.9946,4.0522,56852,1776.625,9.8918,7.1463,0.1855,0.0433,0.1705,0.7548,1.2249,0.86,-4.9746,1.9736,-5.635,-6.1098,1.4613,-6.4069,8.2288,1.5694,8.8861,61290,1915.3125,11.6465,6.5434,0.2233,0.0418,0.2317,0.6692,1.1055,0.4566,-4.4171,2.0012,-4.5682,-6.0632,1.7901,-7.1,7.781,2.1465,8.9503
"3074",58356,1882.4516,10.4574,7.3934,0.0862,0.0253,0.0818,-0.7478,2.2503,0.0626,-0.7213,4.9714,-4.9836,3.3286,6.0243,-3.1746,7.9154,3.9466,6.6521,60752,1959.7419,11.8778,6.7766,0.0956,0.0201,0.0974,-0.0346,1.7313,0.5132,-1.9025,4.1111,-5.764,3.1547,5.3894,6.8993,7.4433,2.667,7.1085,13374,431.4194,9.2702,1.9114,0.1445,0.0927,0.0798,-1.3865,2.6239,-1.0326,-0.4582,3.9099,0.2896,-1.0539,3.7885,-2.6414,5.5419,3.0089,4.5491,57027,1839.5806,10.1987,7.4084,0.1603,0.0388,0.141,0.485,1.8275,0.7565,-4.4754,3.0644,-5.4619,-4.9363,2.2154,-5.6309,7.5997,2.1244,7.8068,60129,1939.6452,11.9047,6.692,0.1793,0.0298,0.1758,0.8565,1.1903,0.882,-4.715,1.9002,-5.0458,-5.1957,1.6281,-4.61,7.3287,1.982,7.2184
"3739",54515,1758.5484,9.8699,7.3179,0.1053,0.0336,0.0917,0.1409,1.5813,0.7857,-1.4228,3.7978,-3.632,-0.661,3.8409,-2.599,5.1684,2.7286,5.1817,53710,1732.5806,11.2666,6.3161,0.1144,0.0245,0.106,0.8282,1.3381,1.0059,-3.0382,3.5878,-4.261,-2.0546,3.8615,-3.5671,6.2705,2.0958,5.9944,13938,449.6129,8.7075,2.1208,0.2021,0.1495,0.0832,-0.4594,1.8976,-0.4187,-1.2051,2.7183,-0.9919,-2.1886,3.2537,-4.0026,4.8461,2.1316,4.5533,53893,1738.4839,9.9094,7.2056,0.1994,0.0402,0.1878,0.8576,1.1552,1.056,-4.5822,1.7838,-5.1526,-6.0633,1.5513,-6.7645,7.9289,1.5969,8.208,56781,1831.6452,11.3527,6.6266,0.1984,0.0358,0.1783,1.0129,0.9008,0.9898,-4.2059,1.4146,-4.2656,-5.3943,1.3342,-5.1996,7.0718,1.5478,7.0038
"3745",36928,1273.3793,8.9292,6.2612,0.0949,0.0309,0.088,-0.1328,1.648,0.3338,-1.0137,2.8609,-1.9127,-0.9268,2.5056,-1.8642,3.6357,2.4217,2.7037,44931,1549.3448,11.1399,6.1063,0.0965,0.0236,0.086,0.6083,1.1458,0.6626,-2.9565,1.8887,-3.3415,-1.8647,1.6019,-1.4867,4.1494,1.6783,4.2709,11988,413.3793,8.3713,2.168,0.1442,0.1082,0.0632,-1.1923,2.3695,0.0073,-0.2112,3.2778,-1.2703,-0.9969,3.3786,-2.5594,4.7282,2.8064,2.661,37030,1276.8966,8.8793,6.3138,0.1513,0.0263,0.1442,0.2293,1.1284,0.4035,-2.7447,1.5156,-2.6513,-4.1277,1.3264,-4.151,5.2192,1.6475,5.1573,43491,1499.6897,11.0893,5.9376,0.1791,0.0324,0.1606,0.6344,0.9015,0.3918,-3.1541,1.3926,-2.8271,-4.3117,1.1919,-4.0134,5.5088,1.6634,4.9155
"1910",48099,1603.3,9.9082,6.8677,0.0766,0.0364,0.0627,-0.2365,2.2126,0.2309,1.7731,4.9421,-1.6612,3.0056,4.4367,0.9717,5.7998,5.2536,2.6655,51936,1731.2,11.266,6.5218,0.0855,0.0225,0.0828,0.526,1.3735,0.5717,-0.8869,3.9028,-2.6494,0.7,3.4667,-0.3517,4.4002,3.3656,2.5356,14358,478.6,8.9513,2.2692,0.1604,0.1353,0.0423,-1.1295,2.9109,-0.759,1.0158,4.1297,0.4069,0.3556,4.2758,0.1833,5.7566,3.62,2.982,47158,1571.9333,9.9876,6.6798,0.1314,0.039,0.1187,0.3893,1.5825,0.6424,-2.5223,2.3064,-2.7631,-3.0762,2.2129,-3.1149,4.9564,2.0326,4.2303,54261,1808.7,11.8276,6.4902,0.1901,0.0426,0.1591,0.3456,1.0787,0.2792,-2.9002,1.8008,-2.5173,-4.1592,1.7028,-3.6336,5.3402,2.1488,4.4539
"2376",28899,963.3,7.6754,5.3266,0.0896,0.0327,0.0795,-0.7247,1.5405,-0.2302,-0.0943,3.67,-2.0077,1.1,4.4298,-0.5498,4.9363,3.5835,2.5023,32782,1092.7333,9.4831,4.8905,0.0927,0.0215,0.0933,-0.0467,1.215,0.1635,-1.3947,3.0977,-2.8429,0.1877,3.4533,-1.2831,4.4759,2.2239,3.7447,10255,341.8333,7.4707,1.942,0.1905,0.121,0.0975,-1.3716,2.0821,-1.0061,0.2552,3.0298,-0.1486,-3.7008,5.5737,-4.7255,6.8691,3.6105,3.8029,26281,876.0333,7.6757,4.8439,0.1824,0.0449,0.1807,0.0947,1.3883,0.1295,-2.8157,2.0015,-2.8076,-4.6381,3.1165,-5.1419,6.2303,2.5055,6.6673,33529,1117.6333,9.4347,5.0276,0.1953,0.0344,0.2009,0.2207,1.0823,0.3231,-2.8824,1.7367,-3.5208,-4.7976,2.5294,-4.6219,5.9961,2.4507,7.0825
"2421",44454,1481.8,9.5252,6.6024,0.0772,0.0278,0.0707,-0.7035,2.4499,-0.1361,1.4562,5.2144,-2.9243,5.5975,6.5594,-0.6709,8.851,5.6413,4.0005,50988,1699.6,11.1831,6.4502,0.0866,0.0235,0.0826,-0.3973,1.6362,-0.4078,0.4882,4.0434,3.6209,5.6314,5.9785,11.4153,8.3645,4.1124,4.1459,16512,550.4,9.8477,2.3721,0.187,0.1242,0.1068,-1.2347,2.5011,-1.32,0.0321,3.6615,-0.4873,-0.7808,3.9216,-2.2544,5.093,3.3521,3.1818,46365,1545.5,9.3409,7.0222,0.1847,0.0502,0.1726,0.2259,1.5698,0.5093,-3.5596,2.3742,-4.1713,-4.473,2.0372,-4.8321,6.4118,1.9668,6.4408,48484,1616.1333,11.0308,6.2181,0.1824,0.0431,0.2014,0.4288,1.0893,0.459,-3.6581,1.699,-3.7459,-4.4113,1.7302,-3.9741,6.001,2.0199,5.2322
"2556",43124,1391.0968,8.8589,6.4495,0.0955,0.0305,0.0805,-0.3438,1.6025,0.0993,-0.4893,3.7435,-2.0673,0.1784,3.3632,-0.9122,4.406,2.9782,3.0468,49491,1596.4839,10.5001,6.2448,0.0977,0.023,0.0818,0.034,1.2685,0.1021,-1.4525,3.0046,-2.1938,-0.6393,2.6584,-0.5607,3.8275,2.3609,2.8126,12225,394.3548,8.7764,1.8455,0.1637,0.1254,0.0566,-0.7943,2.2694,-0.8848,-0.7287,3.5795,-2.3016,-1.2498,3.7167,-2.7958,5.2442,2.6454,3.9359,41590,1341.6129,8.5747,6.4263,0.1741,0.0345,0.172,0.2674,1.3127,0.6673,-2.9518,2.0429,-3.4325,-4.5556,1.4974,-4.5857,5.938,1.5547,5.8125,48737,1572.1613,10.3952,6.2117,0.1912,0.0346,0.1944,0.475,1.0288,0.3668,-2.825,1.7068,-2.9344,-4.4906,1.469,-4.7236,5.593,1.7945,5.5617
"2909",41062,1324.5806,8.534,6.3749,0.1004,0.0311,0.1015,0.0334,1.8754,0.5287,-0.3263,4.7625,-4.1395,2.8788,6.0947,-3.3882,7.3773,4.161,5.9382,45137,1456.0323,10.3279,5.7904,0.1015,0.0249,0.0995,0.5515,1.4343,0.9379,-1.9335,3.9156,-4.2479,1.8458,5.4048,-3.068,6.7971,2.8015,5.4555,13651,440.3548,9.3414,1.9361,0.1357,0.0999,0.0378,-0.7912,2.9294,-1.0366,-0.0922,4.3503,-0.3338,-0.1452,5.11,-4.1463,6.3529,3.7298,5.202,37959,1224.4839,8.2589,6.0895,0.1793,0.0434,0.1595,0.3831,1.6424,0.5911,-3.6406,2.4626,-4.347,-4.5256,2.0439,-5.1683,6.583,1.8668,6.7801,42378,1367.0323,9.7695,5.7472,0.1515,0.0314,0.1568,0.7875,1.2091,0.8125,-3.884,1.7387,-4.3196,-4.2706,1.744,-4.4766,6.1591,1.8802,6.3549
"2960",38583,1205.7188,8.1873,5.8596,0.0963,0.0269,0.0928,-0.0844,1.8471,0.4783,0.4751,4.7823,-3.5445,2.6095,6.223,-4.4231,7.6086,3.7627,6.1193,40976,1280.5,9.9582,5.1164,0.0962,0.0255,0.0914,0.4071,1.5783,0.7827,-0.8531,3.8101,-4.0713,2.5163,5.5313,8.492,6.9132,2.6525,6.0388,12705,397.0312,7.7236,2.0453,0.1334,0.081,0.0487,-0.3513,2.6591,-0.0622,-1.0907,4.0714,-3.5728,-2.5593,3.5714,-4.7107,6.0662,2.7322,5.2567,33849,1057.7812,7.6057,5.5337,0.1472,0.0332,0.1494,0.4756,1.6019,0.5944,-3.4883,2.6857,-4.1548,-5.1251,2.1513,-5.9999,6.9981,2.0235,7.8155,41360,1292.5,9.7462,5.2766,0.1753,0.0337,0.1617,0.822,1.3683,0.8762,-3.6612,2.2115,-3.7347,-4.8474,2.2346,-4.0451,6.5806,2.4554,5.2315
"3179",42723,1378.1613,9.0311,6.2677,0.0706,0.0323,0.0631,-1.5693,3.2074,-0.4201,3.5598,5.9708,-2.6018,6.7488,6.9335,0.0808,9.773,7.6929,2.7743,44790,1444.8387,10.2698,5.7784,0.0704,0.0167,0.0665,-1.0955,1.9383,-0.7226,2.4898,4.5698,-1.9158,6.6978,5.3423,0.0506,8.686,5.4766,2.9948,14422,465.2258,9.5389,2.0032,0.1325,0.1086,0.0271,-1.9493,3.11,-1.4355,1.0271,3.8832,0.1003,0.6713,4.2194,-2.3493,5.413,4.3079,2.9835,42645,1375.6452,8.8289,6.3995,0.1455,0.0404,0.1278,-0.1305,1.4259,-0.1365,-2.1778,1.9483,-2.8914,-2.6331,1.6259,-3.0948,4.2074,1.5695,4.008,48012,1548.7742,10.828,5.8747,0.1506,0.0315,0.1388,0.3745,1.1704,0.2887,-2.8785,1.6671,-3.0366,-2.9731,1.3976,-2.7761,4.5309,1.6848,3.9543
"3232",57053,1728.8788,9.582,6.9615,0.097,0.0324,0.0891,-0.6993,2.1559,0.0948,1.8489,5.4409,-4.2957,5.0144,6.4682,-2.1704,8.9115,5.072,4.9045,60628,1837.2121,11.3557,6.2422,0.0966,0.0294,0.0878,-0.5022,1.8387,-0.9671,1.4586,4.8103,5.3228,5.8727,6.3059,11.967,9.2029,4.2963,4.8687,17525,531.0606,9.5029,2.1562,0.1909,0.1164,0.0741,-0.8227,2.2659,-0.8294,-0.8319,3.5419,-0.62,-1.6203,3.7632,-2.4404,5.2523,2.872,3.9241,56613,1715.5455,9.3307,7.0939,0.2024,0.0496,0.208,0.5199,1.43,0.6681,-3.9793,2.0434,-4.2988,-4.8352,2.0668,-5.1988,6.8496,1.749,7.2626,59902,1815.2121,11.1701,6.27,0.205,0.0404,0.214,0.6431,1.2179,0.3444,-4.1159,1.7804,-4.3882,-4.9745,1.6719,-4.6205,6.7666,1.9395,6.5888
"3283",49714,1657.1333,9.6185,7.3121,0.0999,0.0325,0.0907,0.1027,2.0566,0.7152,0.1497,4.6145,-4.5935,4.2275,5.8412,-2.0145,7.783,4.1197,5.2826,53404,1780.1333,11.2254,6.7304,0.0866,0.0237,0.0817,0.0011,1.5499,0.1857,-0.7918,4.0714,-4.0719,3.9666,5.2214,-1.8001,7.2657,3.1324,5.2856,15851,528.3667,10.1793,2.203,0.2064,0.1282,0.1125,-1.2597,2.4144,-0.8486,0.2827,3.7038,-0.5265,-0.9289,3.9076,-3.7253,5.2066,3.1993,3.9329,47116,1570.5333,9.5317,6.993,0.2198,0.053,0.208,0.3545,1.3192,0.4146,-3.9862,2.1518,-4.8378,-4.9912,1.7355,-5.595,6.8379,1.885,7.8844,50510,1683.6667,11.181,6.3909,0.1961,0.0394,0.1827,0.5207,0.9351,0.4835,-4.1193,1.5704,-4.301,-4.4498,1.5843,-5.1381,6.2718,1.8854,7.073
"3334",44419,1432.871,9.1021,6.4657,0.0921,0.0271,0.0871,0.7215,1.3219,0.8541,-4.0813,2.0239,-4.7017,-3.6036,1.7089,-3.9509,5.9617,1.8401,6.2914,49103,1583.9677,10.9429,5.9452,0.104,0.0215,0.0973,1.0677,1.0949,1.1191,-5.1655,1.8849,-5.6086,-4.2819,1.4334,-4.7833,7.0079,1.9628,7.7707,14116,455.3548,8.2966,2.2542,0.1636,0.1041,0.1057,-0.3558,2.6401,-0.0361,-2.2113,3.7971,-4.0726,-2.4463,3.7736,-4.1104,5.868,3.4919,5.5281,44300,1429.0323,9.4762,6.1938,0.1806,0.0386,0.1585,0.6124,1.2898,0.5907,-4.8213,1.8786,-5.1944,-6.1839,1.4484,-6.4427,8.154,1.6318,8.2363,51411,1658.4194,11.3689,5.9913,0.1654,0.0333,0.1536,0.8617,1.0385,0.6809,-4.6956,1.5134,-4.559,-5.4191,1.3611,-5.8342,7.3647,1.772,8.2849
"3472",38161,1231,8.492,5.9538,0.0992,0.0327,0.0983,1.3351,1.7506,1.9151,-4.8575,2.9668,-5.496,-3.4026,2.6004,-4.3357,7.0919,2.2996,7.6016,46715,1506.9355,10.7257,5.7706,0.1258,0.0284,0.1325,2.4406,1.2809,2.8003,-6.7129,2.0886,-7.5548,-4.8995,1.9552,-5.8543,8.9724,2.0848,9.7774,9302,300.0645,5.2605,2.3428,0.0681,0.0656,0.016,-1.523,4.333,0.0842,-0.2041,5.3914,-3.7193,2.3117,5.9999,-0.0094,7.7765,5.5738,5.2446,42138,1359.2903,9.0278,6.1841,0.1554,0.0367,0.1599,0.8071,1.3821,0.9135,-4.6855,2.23,-5.2242,-5.0792,2.0191,-5.7759,7.4337,2.0258,7.3837,47447,1530.5484,10.5999,5.9305,0.2193,0.0415,0.214,1.1225,0.8879,1.2147,-4.5378,1.3617,-4.4664,-5.3902,1.1606,-5.5417,7.2492,1.5309,7.3025
"3750",45888,1529.6,9.4836,6.8453,0.0899,0.0268,0.0888,-1.052,2.2142,0.1029,2.3446,4.4009,-1.4593,5.8789,6.0185,0.7449,8.3672,5.6256,2.63,50829,1694.3,11.0497,6.5077,0.0914,0.0255,0.0873,-0.8372,1.69,-0.729,1.8273,3.7828,-0.9812,5.685,4.6618,9.8904,7.6163,4.1531,2.3524,13921,464.0333,8.0323,2.4519,0.1599,0.1341,0.0414,-1.1276,2.6492,-0.668,1.0709,3.8944,0.655,0.3742,5.2194,-4.7448,6.245,3.6032,4.3882,44680,1489.3333,9.3803,6.7385,0.1835,0.0445,0.1753,0.6389,1.6097,0.8503,-3.2158,2.3332,-3.8517,-3.7976,2.0727,-4.2086,5.8649,1.7622,5.8728,49306,1643.5333,11.3038,6.1708,0.1937,0.0421,0.2043,0.7217,1.1888,0.4766,-3.3108,1.9452,-2.869,-4.0399,1.7462,-3.9051,5.6496,2.0325,5.3341
"422",38198,1157.5152,7.9668,5.6058,0.1046,0.0401,0.0954,0.5063,1.8695,0.7965,-1.529,3.5886,-3.5608,0.2079,4.1373,-2.3957,5.3215,2.7944,5.053,43806,1327.4545,9.6909,5.2851,0.1167,0.0297,0.1116,1.0538,1.358,1.231,-3.448,2.5187,-4.2397,-2.5314,2.4833,-2.9582,5.4388,2.0448,4.941,9974,302.2424,6.2852,1.8554,0.1378,0.1019,0.0598,-0.1154,2.8071,0.2315,-1.2965,4.2778,-3.1516,-1.3371,4.217,-3.6093,6.1653,3.0711,5.1097,32021,970.3333,7.6809,4.8742,0.1727,0.0477,0.1535,0.9588,1.5421,1.3395,-3.8158,2.3327,-4.5025,-4.3476,1.8277,-4.6781,6.5083,1.784,6.8437,43927,1331.1212,9.7252,5.281,0.1965,0.0421,0.1798,0.7804,1.2352,0.7777,-3.7249,1.8558,-4.2412,-4.5377,1.6417,-4.3974,6.2644,1.87,6.4988
"3752",44127,1470.9,9.2677,6.7359,0.0903,0.0305,0.078,-0.812,2.3086,-0.149,3.0535,5.1503,-0.957,5.2228,6.0085,-0.8317,8.3395,5.9724,2.5585,48610,1620.3333,11.348,6.06,0.0896,0.0223,0.0842,-0.7436,1.946,-0.4828,3.2754,4.6732,-1.4519,6.1956,4.9117,9.3721,8.738,4.8024,10.4475,15599,519.9667,9.3039,2.3719,0.1572,0.1213,0.0347,-0.8941,2.5379,-1.0155,1.17,3.6983,0.5808,-0.3922,3.8544,-2.4714,5.2336,3.1472,3.1001,44782,1492.7333,9.1784,6.9025,0.1672,0.0451,0.142,0.2245,1.4566,0.4183,-2.4687,2.048,-3.1272,-3.6703,1.6255,-3.7318,5.1438,1.4543,5.1795,48625,1620.8333,11.09,6.2029,0.1699,0.0366,0.1548,0.5538,1.2616,0.204,-2.5884,2.0357,-2.5125,-3.626,1.739,-2.8753,4.9834,2.0198,3.2795
"3761",53714,1732.7097,10.0198,7.1026,0.0952,0.0385,0.0891,0.6413,1.8006,1.3308,-1.7884,3.379,-3.4787,-0.9329,3.296,-2.5736,4.874,2.4995,4.4009,56159,1811.5806,11.7502,6.3323,0.1012,0.0224,0.0971,1.1472,1.2698,1.5509,-3.3578,2.2069,-4.2474,-2.2343,2.2045,-3.1135,5.1083,1.6823,5.5512,18980,612.2581,9.3134,2.7001,0.1521,0.1259,0.0829,-0.9062,2.6258,-0.6872,0.2983,4.1676,-0.8049,-0.5201,4.7818,-2.1816,5.9095,3.6587,4.208,52742,1701.3548,10.0425,6.9583,0.1802,0.0384,0.1711,1.181,1.2209,1.3635,-4.2923,1.6578,-4.5472,-5.1112,1.4856,-5.3517,7.0503,1.6379,7.2707,60392,1948.129,12.1376,6.5922,0.2085,0.0419,0.1871,1.0659,1.0281,1.003,-4.0213,1.4638,-4.2268,-5.0523,1.2516,-5.2545,6.7064,1.6195,7.266
"3898",42844,1477.3793,9.6362,6.7313,0.116,0.04,0.1044,0.8492,1.6918,1.1253,-1.3741,4.477,-3.9627,0.1169,4.2317,-2.6199,5.8552,3.0252,5.3786,47003,1620.7931,11.5078,6.1837,0.1151,0.0234,0.108,1.319,1.3456,1.4508,-3.1678,3.9142,-4.9105,-1.3768,3.3515,-3.2325,6.0455,2.3421,6.2819,13324,459.4483,8.5385,2.3625,0.1982,0.1235,0.1008,-0.1678,2.2375,-0.5011,-1.3421,3.4483,-1.9181,-2.1361,3.7861,-3.4978,5.5815,2.5435,5.6626,43081,1485.5517,9.718,6.7116,0.1767,0.0414,0.1584,0.9858,1.3203,1.2022,-4.4779,1.9511,-5.0481,-4.5826,1.6591,-4.9126,6.8946,1.6704,7.0841,48962,1688.3448,11.565,6.4095,0.2092,0.045,0.2017,0.9632,1.0274,1.0168,-4.3853,1.6464,-4.662,-4.9052,1.2725,-5.0909,6.8306,1.7168,7.236
"3904",61964,1998.8387,10.5893,7.7528,0.1066,0.0326,0.0998,-0.9703,2.0521,0.2865,1.6916,4.1603,4.2819,5.7154,5.8668,11.0997,8.2454,4.9416,3.6091,65599,2116.0968,12.0317,7.2237,0.1078,0.0246,0.1011,-0.8719,1.6566,-0.9368,1.8905,4.0523,4.3655,6.7177,5.3617,11.0674,8.9227,4.2141,11.5157,20398,658,9.3883,2.8786,0.1414,0.0981,0.0403,-1.584,2.604,-1.2644,0.8304,3.6131,0.3981,0.4694,4.0658,-1.7752,5.2722,3.4623,3.2019,61519,1984.4839,11.011,7.4024,0.1703,0.0435,0.1674,0.5643,1.6099,0.7841,-3.4458,2.3625,-4.1282,-3.3742,2.2826,-4.1411,5.7642,1.9326,5.861,64787,2089.9032,12.5809,6.8228,0.1922,0.0415,0.1551,0.7345,1.0475,0.8022,-3.713,1.5731,-3.7226,-3.5885,1.4419,-3.5807,5.4632,1.7344,5.3784
"3905",44538,1484.6,9.5096,6.6258,0.1333,0.0475,0.1103,0.7932,1.7838,1.342,-2.051,5.0032,-5.3824,-0.8341,4.3047,-3.7001,6.596,2.961,7.0917,49054,1635.1333,11.5325,6.0176,0.1239,0.032,0.1153,1.4353,1.5205,1.8253,-3.7264,4.9599,-6.3388,-1.1333,4.2388,-3.497,7.4035,2.7013,7.6279,14526,484.2,9.3194,2.2051,0.2284,0.1476,0.0742,-0.5248,2.2716,-0.3285,-1.113,3.4284,-1.4479,-2.7972,4.0558,-5.6635,6.046,2.479,5.9218,45028,1500.9333,9.7929,6.5049,0.2162,0.0488,0.2207,0.6815,1.2744,0.7583,-4.2413,1.978,-4.7298,-5.618,1.5488,-5.897,7.4449,1.5886,7.7606,49464,1648.8,11.6719,5.9954,0.2774,0.0544,0.3045,0.7325,1.1734,0.585,-3.7835,1.8961,-3.5773,-5.3892,1.514,-5.7387,6.9266,1.7836,6.6965
"4046",51116,1597.375,9.0107,7.0536,0.0998,0.033,0.0866,-0.8858,2.1456,0.0444,3.261,5.8914,-3.7333,5.3077,6.1002,10.3082,9.3646,5.331,4.6189,54073,1689.7812,10.6013,6.3421,0.0939,0.0217,0.0833,-0.7163,1.8243,-0.9226,2.6928,5.3945,-3.383,5.4669,5.6285,11.3995,8.8744,4.7965,4.1856,16524,516.375,9.2503,2.2211,0.2078,0.1609,0.0703,-1.333,2.5308,-0.9229,-0.0149,3.3806,-0.8431,-1.6327,3.7846,-3.4042,5.2155,3.0654,3.6383,49784,1555.75,9.0485,6.8411,0.2137,0.0496,0.2539,0.4225,1.1787,0.623,-4.164,1.694,-4.4809,-5.4906,1.4139,-5.7441,7.1651,1.6073,7.5667,52055,1626.7188,10.5852,6.1147,0.2002,0.0429,0.2238,0.7888,1.0023,0.7259,-4.3592,1.511,-4.5254,-4.902,1.4596,-5.5728,6.7444,1.8935,7.458
"4136",41871,1308.4688,8.3876,6.2071,0.0945,0.0282,0.0821,-0.3121,1.9716,0.577,1.0008,4.7458,-1.9211,1.3251,4.9843,-1.9729,5.7795,4.5503,3.3762,44697,1396.7812,9.9038,5.6116,0.1091,0.0236,0.1022,0.3262,1.2848,0.5103,-1.019,3.7415,-2.9204,-0.2078,4.3592,-3.3199,5.2806,2.8205,3.9378,12334,385.4375,8.0957,1.8943,0.1917,0.1218,0.1184,-0.8222,1.9382,-0.6687,-0.2786,3.0926,-0.1375,-2.4323,2.9572,-3.5502,4.7618,2.4617,3.5752,41922,1310.0625,8.506,6.1281,0.1937,0.0463,0.1681,0.6595,1.1971,0.5084,-3.6556,1.728,-3.8596,-5.4854,1.5304,-5.492,6.9096,1.7049,7.0479,45467,1420.8438,10.1254,5.5833,0.1982,0.0421,0.1761,0.6904,0.9996,0.4088,-3.169,1.5222,-3.6638,-4.7486,1.439,-5.4104,5.9122,1.8712,6.6612
"4137",39737,1370.2414,9.328,6.4494,0.1038,0.0376,0.0843,0.1784,1.7637,0.6132,-0.2937,4.6638,-2.7341,-1.3025,4.5591,-3.6083,5.9648,3.447,5.0209,44540,1535.8621,11.2382,6.0002,0.1027,0.0286,0.0935,0.5653,1.5819,0.7095,-0.8737,4.6057,-2.9258,-1.4926,4.8936,-4.3181,6.4663,3.0263,5.7424,9134,314.9655,8.7168,1.5864,0.2081,0.1147,0.1015,-0.5167,2.0873,-0.3263,-0.8964,3.2338,-0.486,-3.332,3.0952,-2.5871,5.3706,2.7789,4.4319,35343,1218.7241,9.3221,5.7399,0.1979,0.0546,0.1788,0.4229,1.3698,0.2162,-3.5108,2.0552,-3.6218,-6.0436,1.9602,-5.9216,7.4048,2.0348,7.6081,43782,1509.7241,10.912,6.0745,0.1885,0.0361,0.1961,0.7012,1.0967,0.596,-3.5072,1.7112,-3.6918,-5.8595,1.6131,-6.2809,7.0578,2.0115,7.3982
"4139",48293,1557.8387,9.3203,6.865,0.1186,0.0348,0.1104,-0.3582,1.9316,0.2897,2.1849,4.8829,-2.9141,4.5036,5.4605,9.2705,7.9534,4.3953,4.2404,51051,1646.8065,11.0589,6.1162,0.1201,0.0439,0.1064,-0.2164,1.7216,-0.1719,2.3819,4.5074,5.2236,5.6489,5.0029,10.6429,8.3647,3.9965,11.2762,15201,490.3548,8.8759,2.2691,0.181,0.1456,0.0396,-1.0231,2.6249,-0.9903,0.5204,3.9923,-0.6878,-0.0214,4.2676,-3.2067,5.6612,3.2105,3.9603,49144,1585.2903,9.4549,6.8866,0.2219,0.0641,0.2434,-0.0608,1.7788,-0.0584,-2.7923,2.7694,-3.2076,-4.198,3.3111,-5.2093,6.4458,2.3817,5.7568,52388,1689.9355,11.116,6.2441,0.2283,0.0424,0.2379,0.6303,1.2428,0.1207,-3.5499,2.0249,-3.0994,-4.7376,1.7129,-3.6438,6.2683,2.1753,5.0053
"4140",40331,1301,8.6994,6.1424,0.118,0.0393,0.1055,-0.1482,1.7977,0.6499,1.1042,5.3958,-2.9998,1.593,5.1527,-1.8782,6.3595,4.715,3.4949,44749,1443.5161,10.2228,5.7997,0.115,0.0236,0.1038,0.4011,1.3784,0.7693,0.1687,5.0183,-3.6139,1.1194,4.5545,-1.8721,6.0483,3.5618,4.4235,13204,425.9355,8.2489,2.1208,0.1821,0.1184,0.14,-0.6896,2.2258,-0.1412,-1.6088,4.7604,-1.3695,-2.259,4.5366,-3.1351,6.1368,4.3244,3.1179,39352,1269.4194,8.5755,6.0799,0.234,0.0502,0.2632,0.6448,1.066,0.7708,-3.8128,1.4491,-4.0428,-5.2772,1.2301,-5.4972,6.7404,1.4555,7.0653,43962,1418.129,10.2208,5.6987,0.216,0.0454,0.2338,0.6762,0.9328,0.6919,-3.5114,1.4912,-4.0959,-4.8498,1.3703,-5.0628,6.1733,1.7803,7.1223
"4141",50100,1518.1818,9.1001,6.4369,0.1666,0.0588,0.1325,1.2524,1.8203,1.5265,-1.8087,4.6992,-4.345,2.3501,5.2528,-0.9605,7.0814,3.6337,5.9756,56155,1701.6667,10.9106,6.0176,0.1718,0.0457,0.1508,1.372,1.4006,1.5045,-2.6316,4.4862,-5.1013,1.6997,5.1087,-1.4733,7.1786,2.8897,5.9556,16984,514.6667,8.8538,2.2428,0.4611,0.2831,0.1549,0.4725,2.5026,-0.1205,-2.3205,3.1701,-2.5046,-0.3535,3.958,-1.3044,5.3154,3.0749,3.3038,46744,1416.4848,8.7709,6.2311,0.418,0.0981,0.3785,1.2971,1.3265,1.1968,-5.7384,1.8653,-5.7618,-4.1383,1.891,-4.4208,7.5671,1.8141,7.5359,55432,1679.7576,11.017,5.8827,0.3643,0.0766,0.3595,1.6278,1.1865,1.6129,-5.7366,1.6781,-5.9275,-3.7997,1.8106,-3.6817,7.3543,1.8474,7.6185
"1110",52490,1543.8235,8.6766,6.6632,0.1147,0.0369,0.1097,-0.0643,1.8713,0.8003,0.0446,4.5488,-3.8893,3.9907,6.4174,9.7704,8.0031,4.1542,5.6867,57963,1704.7941,10.3114,6.1914,0.1155,0.0281,0.1075,0.505,1.573,0.8817,-1.9668,3.6345,-4.7051,2.4595,5.1795,6.6261,6.7355,2.7049,6.4372,14642,430.6471,9.2185,1.7494,0.1976,0.1203,0.0915,-1.0052,2.4316,-1.0762,-0.2145,3.5581,0.7683,-1.558,3.9728,-3.2009,5.3912,2.9619,4.0666,55418,1629.9412,9.1362,6.6809,0.2312,0.055,0.2224,0.4558,1.7321,0.9263,-3.5333,2.6235,-4.6515,-5.0161,2.3715,-5.9547,7.0101,2.0538,7.6385,57157,1681.0882,10.2995,6.1123,0.2089,0.0427,0.1995,0.9119,1.2213,1.2865,-4.108,1.8657,-5.52,-4.9172,1.7709,-5.482,6.7889,1.9762,7.7977
"1127",52681,1756.0333,10.1365,7.3525,0.1257,0.0427,0.116,0.6687,1.9106,1.0817,-1.7128,4.8384,-5.1324,-0.96,5.1037,-5.3765,6.8541,3.2298,7.2391,55258,1841.9333,11.6993,6.6819,0.1318,0.0278,0.1246,1.1291,1.5982,1.5142,-2.7604,4.904,-5.3517,-1.4174,5.2738,-5.5733,7.555,2.8706,8.366,20987,699.5667,10.3504,2.8685,0.1789,0.1183,0.062,-0.6044,2.4013,-0.9194,-1.0485,3.7027,-1.0067,-2.1387,3.3521,-3.4995,5.4666,2.6204,4.0766,52136,1737.8667,10.0787,7.3181,0.2006,0.045,0.17,0.7929,1.6077,1.2996,-4.1902,2.484,-5.1158,-5.8284,1.7631,-6.3441,7.7975,1.794,8.5852,55509,1850.3,11.7486,6.6841,0.2207,0.0429,0.1982,0.9338,1.1386,0.961,-4.4319,1.8667,-5.0694,-5.9757,1.4992,-6.8744,7.7279,1.8791,8.5384
